Nitrogen (kg/ha),Phosphorus (kg/ha),Potassium (kg/ha),Temperature (Â°C),Humidity (%),Rainfall (mm),pH,Soil Moisture (%)
88.0,41.5,252.6,28.7,66.6,118.0,6.66,42.5
99.1,35.5,210.2,34.5,59.6,49.9,6.3,18.5
87.5,33.6,253.6,32.3,67.9,127.1,6.32,34.5
84.9,36.7,277.7,31.0,81.3,137.5,6.22,38.4
90.3,49.3,266.7,26.6,77.5,135.2,6.51,44.0
82.7,41.4,284.1,26.6,74.4,158.6,6.17,49.1
88.3,43.8,272.2,25.6,78.0,147.5,6.59,46.6
88.8,36.4,266.6,33.7,72.4,130.7,5.96,33.6
93.9,32.2,230.5,31.0,73.0,106.8,5.97,34.0
106.3,34.6,222.0,32.1,63.8,35.3,6.51,20.5
89.2,41.1,258.6,25.2,66.5,129.3,6.27,47.4
91.7,36.9,219.9,34.7,74.4,119.3,6.16,32.5
93.8,38.4,252.7,33.3,73.6,122.2,6.57,34.9
96.0,37.2,232.6,27.1,63.9,52.5,6.12,25.6
94.9,37.1,237.9,26.8,63.3,61.4,6.24,30.4
84.8,38.0,273.1,26.8,77.7,157.4,6.72,47.1
89.0,41.5,291.6,28.0,70.0,108.2,6.76,40.3
92.3,33.5,252.5,30.2,74.2,140.7,6.77,37.5
86.6,33.1,258.8,29.3,77.6,111.3,6.22,36.9
84.8,42.3,254.0,27.9,72.4,111.3,6.67,40.3
80.6,42.7,272.7,31.1,90.0,152.2,6.02,44.9
80.0,40.8,265.7,26.4,67.1,86.8,6.03,44.0
83.4,36.1,257.9,27.9,69.3,114.3,5.8,41.0
95.2,35.7,260.5,28.7,60.3,89.2,6.8,31.2
88.9,37.5,258.3,29.6,59.1,90.4,6.04,33.2
99.5,31.7,233.4,32.9,61.3,96.1,6.26,26.0
89.3,38.2,240.5,27.0,75.3,120.0,6.03,41.8
85.1,39.5,236.5,30.1,70.2,88.5,6.51,30.0
88.2,46.8,307.3,30.9,75.4,166.5,6.19,50.1
98.1,36.7,241.4,25.5,68.4,69.7,5.91,31.8
88.1,40.7,258.8,31.1,67.9,101.6,6.43,33.9
94.9,32.9,263.3,26.7,68.8,90.2,5.87,34.4
78.2,45.7,292.2,25.7,90.0,175.1,6.05,55.0
93.8,35.9,238.2,34.5,78.3,118.8,5.8,33.3
80.1,42.7,249.9,34.7,79.9,156.4,5.87,47.1
89.5,35.0,232.8,33.1,54.2,43.1,6.35,23.0
86.7,44.7,257.5,28.0,63.6,122.0,5.8,42.8
84.3,39.9,282.0,26.0,76.4,150.0,5.86,50.1
89.5,41.2,241.7,31.8,71.7,113.7,6.3,37.1
83.4,39.5,260.2,29.4,76.7,157.9,6.14,41.4
90.4,38.3,250.9,26.2,66.7,86.7,6.9,35.3
85.2,42.5,287.2,30.0,85.1,173.4,6.85,52.3
82.3,41.2,278.9,25.3,90.0,213.5,6.04,55.0
98.2,36.3,242.8,34.1,65.5,93.7,6.47,25.4
89.0,38.6,244.5,27.6,68.8,90.0,6.52,35.2
89.1,44.1,270.4,31.6,87.3,175.4,6.12,53.6
76.6,44.0,288.9,28.1,80.8,181.1,5.85,55.0
96.5,40.4,244.2,30.2,74.3,86.5,6.3,31.9
98.1,41.7,252.8,30.5,67.7,91.1,6.25,35.6
94.1,36.0,266.7,26.8,69.6,97.3,6.17,36.5
100.0,37.1,213.6,34.7,63.4,49.5,6.43,18.0
95.8,32.2,225.2,32.8,64.9,68.7,6.07,23.2
101.1,38.8,225.5,34.4,67.7,64.8,5.95,28.3
90.2,38.2,238.8,33.9,66.5,75.4,6.33,25.3
87.7,33.0,251.8,31.0,68.6,108.4,6.42,35.0
91.0,38.8,243.8,34.2,75.9,120.5,5.95,34.0
88.7,42.3,271.0,25.9,80.2,179.8,6.58,55.0
93.9,36.7,266.3,27.0,63.6,65.1,5.8,35.9
77.7,47.8,277.7,25.5,80.7,154.3,6.13,55.0
90.3,37.1,246.8,28.3,69.0,100.4,6.22,36.3
87.7,37.2,260.7,28.9,70.9,107.8,6.11,38.6
86.0,40.4,249.7,27.7,68.7,140.4,6.13,40.8
100.9,39.1,221.1,33.3,59.2,59.5,6.86,28.0
84.0,39.2,235.5,28.6,75.9,127.2,6.04,38.4
97.4,43.8,269.9,27.8,74.3,117.5,7.03,41.3
95.3,41.0,250.0,30.4,71.3,132.2,6.43,37.7
94.7,33.8,292.1,26.4,80.9,123.0,6.33,41.4
81.0,41.8,277.0,33.0,89.7,220.0,6.44,53.5
92.4,36.7,238.2,25.7,71.1,81.3,7.06,33.7
90.0,37.9,225.8,34.9,69.4,86.1,6.0,25.7
93.9,28.9,236.5,32.7,63.2,82.0,5.96,27.0
93.7,47.0,250.3,27.0,75.9,85.0,6.07,37.5
100.0,39.8,251.9,25.1,60.3,81.3,6.31,32.9
81.9,41.7,260.6,33.2,87.3,163.5,5.8,45.2
82.5,46.4,268.9,32.1,89.8,173.9,6.31,51.4
95.2,44.0,218.1,32.3,63.5,84.3,6.81,28.0
90.7,38.8,207.0,32.7,71.5,72.5,6.35,24.6
90.6,44.0,264.4,25.7,75.0,131.2,6.21,44.8
87.9,39.6,251.0,28.6,68.5,85.1,6.11,37.0
85.5,41.4,267.9,26.2,79.0,138.5,6.57,47.1
90.9,37.0,259.6,33.6,73.2,119.1,6.05,33.6
94.3,33.4,239.4,31.2,62.4,41.8,6.85,23.6
85.3,40.3,275.3,28.3,89.9,179.6,6.88,49.3
81.4,39.7,272.1,25.6,79.4,190.8,6.38,55.0
90.8,38.4,243.5,28.1,73.0,82.4,6.3,34.6
89.2,33.5,242.7,28.3,60.2,92.6,6.61,34.3
94.2,39.3,243.0,32.3,79.7,122.9,6.63,34.8
100.3,38.9,245.0,31.4,80.6,125.1,6.06,36.0
90.4,40.6,254.8,33.9,72.5,139.6,6.14,40.7
87.5,42.2,286.1,29.7,88.0,200.5,5.9,55.0
84.4,48.6,248.2,26.2,64.9,102.0,6.42,37.3
96.3,41.3,240.2,32.1,63.7,74.1,6.5,29.1
95.5,30.8,219.6,32.6,58.0,47.9,5.9,18.0
88.6,37.7,227.0,30.6,69.3,77.1,6.16,28.1
89.4,36.7,260.5,32.7,78.3,108.5,5.9,33.9
90.7,39.6,271.2,29.9,90.0,190.8,6.03,50.5
100.1,33.3,222.4,30.2,64.5,86.7,6.47,29.3
92.3,40.7,259.3,29.3,73.0,120.1,6.08,37.7
81.1,38.6,256.8,25.3,63.4,109.3,6.21,42.5
83.5,45.7,285.3,26.1,78.7,163.5,5.81,51.1
84.0,46.7,266.0,25.3,90.0,220.0,6.36,55.0
98.6,40.2,242.9,31.4,75.3,86.1,6.29,24.5
84.5,35.6,252.0,28.1,61.4,88.0,6.08,32.6
81.7,43.3,260.4,30.1,78.4,157.0,6.24,47.7
94.3,39.6,226.8,34.1,78.0,140.7,6.35,30.8
85.4,42.2,306.0,27.5,90.0,193.1,6.06,54.6
78.2,38.1,255.8,29.1,73.2,136.3,5.86,41.6
91.5,43.7,242.4,32.6,70.9,93.8,6.84,35.4
88.8,41.7,245.1,27.3,74.9,136.6,6.11,43.9
88.1,45.0,281.2,25.8,81.9,159.9,6.27,52.4
90.0,39.3,271.5,27.9,82.1,146.9,6.6,46.9
93.6,36.0,264.3,26.6,76.6,132.8,7.36,38.6
83.7,39.4,255.2,34.3,79.4,158.0,5.93,44.6
77.9,40.9,255.0,33.1,82.0,162.6,6.43,45.1
83.2,39.2,283.8,31.3,84.0,172.2,6.09,49.6
89.6,42.7,291.9,33.7,76.0,139.2,6.14,50.9
103.9,31.5,216.7,33.0,69.2,102.5,6.08,26.2
90.2,38.3,284.1,26.9,81.3,116.6,5.96,46.6
90.6,42.8,266.5,33.9,85.7,164.3,6.29,43.1
96.8,39.3,251.2,30.4,63.2,73.2,5.86,30.1
88.7,38.1,253.5,33.1,78.8,126.6,6.58,37.1
95.2,34.0,211.2,34.0,66.8,92.3,6.32,28.2
99.7,36.3,253.2,28.2,78.1,111.3,6.43,37.4
78.6,42.2,297.4,26.1,85.4,167.5,6.16,53.4
99.6,41.2,244.8,27.3,73.2,118.6,6.19,36.9
88.2,42.9,256.9,29.3,74.7,112.1,6.39,40.4
106.5,33.6,218.9,33.2,51.9,48.8,5.95,20.3
84.6,35.7,224.4,33.6,73.1,143.6,6.19,36.7
89.7,42.4,289.5,25.1,71.8,139.0,6.04,46.4
78.8,41.3,281.0,30.1,90.0,207.3,6.03,55.0
86.2,36.8,252.0,29.2,77.9,96.1,5.8,33.4
89.7,44.7,264.8,27.2,85.1,119.9,6.7,42.8
94.6,42.7,274.3,26.2,77.4,121.2,6.09,40.9
78.3,44.2,294.1,28.4,88.7,181.0,6.65,55.0
85.6,34.6,245.2,34.4,62.1,105.7,6.62,33.8
86.1,42.3,264.7,28.2,71.8,122.6,5.91,46.8
88.7,43.6,271.5,30.2,73.5,137.4,5.97,41.8
93.4,38.5,238.6,32.0,70.6,118.4,7.07,38.7
97.4,42.7,255.7,28.6,67.1,89.9,6.83,34.6
90.7,43.4,244.8,34.7,71.4,118.7,6.29,37.9
99.3,45.0,272.3,34.6,71.8,158.3,6.38,39.9
94.9,39.0,246.6,27.5,66.5,63.8,6.11,32.5
89.4,41.2,261.7,30.0,67.8,116.0,6.43,37.6
85.7,42.4,245.8,28.0,66.9,78.5,6.08,32.5
83.6,43.9,262.8,27.8,90.0,163.8,5.8,50.2
94.0,35.7,228.8,25.4,53.7,41.5,5.9,28.7
99.5,36.3,247.8,31.1,54.3,84.8,6.31,30.5
91.8,41.0,263.7,30.0,74.0,127.0,5.96,41.0
76.6,39.9,301.8,25.5,90.0,180.4,6.28,55.0
90.1,40.0,267.2,27.8,81.2,107.0,5.98,41.6
98.1,40.9,231.4,34.1,60.9,85.0,6.07,30.5
90.1,37.2,282.0,27.4,90.0,194.7,6.56,55.0
102.0,40.8,230.7,26.4,56.6,44.8,6.37,24.9
102.8,38.9,200.8,29.9,53.5,20.0,6.3,22.0
90.9,38.3,274.2,34.9,89.2,129.8,6.56,38.7
92.2,41.5,263.4,27.4,60.0,87.4,6.44,39.5
104.1,36.1,240.8,31.7,64.1,64.0,6.73,24.3
83.3,43.7,244.3,32.6,80.7,141.9,6.16,40.1
89.8,42.2,266.2,27.4,79.6,121.0,6.17,36.9
91.9,32.9,259.2,32.3,67.4,84.6,5.91,28.5
97.0,39.2,226.4,28.7,62.0,52.4,6.17,29.8
95.1,39.9,272.0,31.3,77.9,149.3,6.59,42.1
85.3,41.1,266.9,31.3,79.2,139.3,6.69,43.4
80.5,36.6,234.9,30.4,69.4,105.5,6.59,35.2
80.4,49.0,294.9,25.9,90.0,193.1,5.8,55.0
104.3,38.3,229.5,33.4,60.5,61.8,6.62,20.6
100.0,34.1,224.6,28.2,60.2,41.4,5.8,25.3
99.7,32.2,241.5,26.9,65.6,78.9,6.57,24.9
88.3,39.0,244.6,25.4,77.2,107.9,6.19,40.6
86.9,39.7,231.8,30.9,73.9,121.0,6.51,33.4
94.2,39.9,254.7,31.8,61.0,99.1,5.9,36.7
82.2,45.6,274.9,25.2,81.5,125.8,6.65,47.3
107.4,39.1,226.9,30.1,56.2,53.7,5.86,27.0
85.4,46.7,298.1,27.3,81.7,175.0,6.1,55.0
91.1,39.0,249.2,31.5,68.3,106.3,6.0,32.0
79.4,39.6,298.6,26.7,88.9,160.3,5.8,55.0
89.0,39.7,260.7,31.9,64.4,125.4,6.33,41.0
88.0,43.6,269.1,28.9,90.0,130.6,6.84,41.5
95.0,40.1,257.9,34.4,82.4,135.6,7.1,41.2
90.3,41.8,283.2,26.4,77.1,130.1,6.33,41.3
85.4,39.5,255.7,28.4,77.5,138.9,6.64,41.9
94.0,39.7,303.1,26.1,85.4,169.8,6.37,51.0
93.8,37.9,246.2,34.2,76.4,118.8,6.45,32.9
95.6,40.0,239.1,33.8,81.6,141.9,6.2,36.4
85.8,38.6,278.2,27.6,74.0,106.0,6.36,42.3
88.0,41.2,276.4,31.6,85.4,174.8,6.46,47.6
97.2,34.4,246.1,33.2,64.9,79.6,6.13,28.8
75.1,46.1,294.1,30.6,87.5,191.0,6.28,50.9
104.6,36.8,245.1,30.3,70.7,108.2,6.28,30.9
102.7,41.2,229.1,27.4,64.8,45.6,6.55,27.5
89.8,43.7,262.7,25.9,76.1,115.8,5.98,36.5
91.1,36.4,233.4,34.0,51.2,79.4,6.28,26.7
93.5,36.1,259.8,34.0,82.8,147.8,6.87,36.5
92.6,32.7,230.0,31.3,67.1,80.6,6.65,35.8
93.1,34.9,259.1,28.4,67.9,89.9,6.7,37.3
100.0,31.3,217.3,28.5,53.1,25.0,6.31,21.8
95.3,42.8,265.5,32.3,73.5,89.6,6.4,34.5
108.2,34.8,222.2,34.0,58.7,20.0,6.6,18.0
102.6,36.3,223.4,33.9,53.9,38.7,6.77,20.5
83.9,33.7,268.2,32.8,80.9,144.2,5.8,41.6
95.1,37.3,256.9,31.4,74.2,145.4,5.91,43.4
93.8,44.9,293.8,25.8,68.9,129.1,6.69,48.8
108.8,39.3,267.7,26.6,60.2,66.5,6.22,33.9
87.7,37.9,250.8,34.0,75.9,107.9,6.1,33.5
95.7,39.4,257.8,31.1,76.7,109.8,5.92,30.9
85.3,42.1,231.5,25.1,64.1,57.9,6.13,28.6
85.7,42.9,280.3,26.0,89.2,177.7,5.88,54.1
85.5,41.1,267.5,31.6,82.5,149.5,6.93,43.5
101.3,39.7,257.5,25.1,66.8,100.1,6.29,36.6
82.2,49.1,271.8,26.6,74.4,111.2,6.28,47.9
80.1,34.4,271.3,30.5,77.9,119.4,6.48,42.9
98.2,36.8,220.8,31.9,57.8,20.0,6.59,18.9
83.4,38.0,237.0,31.5,75.7,98.9,6.58,33.5
97.3,39.9,251.2,27.2,69.4,79.3,6.62,33.0
88.2,33.8,234.7,32.1,64.7,64.9,6.11,23.0
91.5,39.2,256.4,27.4,74.8,97.4,6.21,37.3
72.1,45.9,301.5,28.3,88.0,190.9,6.53,55.0
90.1,48.5,241.0,32.5,73.4,138.8,6.14,36.6
102.5,40.3,247.4,31.5,66.0,84.3,6.3,31.4
92.7,37.0,244.7,33.5,73.4,135.8,6.42,38.2
84.5,39.3,253.4,31.6,81.2,173.0,6.54,42.3
88.8,39.2,257.8,30.7,79.6,151.6,5.8,42.1
89.9,34.7,251.3,25.9,68.6,112.7,6.51,40.4
93.3,38.6,250.8,28.7,64.6,80.9,6.23,38.2
79.5,44.0,272.5,27.7,68.8,141.4,6.51,47.3
93.4,36.0,266.6,27.4,76.6,127.7,6.53,39.1
75.6,43.6,260.4,34.7,80.1,150.3,6.78,41.8
87.3,41.2,242.4,28.9,73.6,138.6,6.71,39.1
84.7,39.2,282.9,33.9,84.7,157.2,6.7,45.8
98.4,36.9,230.5,31.3,71.9,85.9,6.73,29.5
87.3,46.2,270.7,32.9,75.8,169.3,6.39,45.6
81.6,42.9,269.9,30.0,70.0,118.9,6.31,42.7
79.6,42.8,284.1,30.8,86.8,203.4,6.56,51.0
97.7,36.0,244.3,29.9,61.1,79.0,6.52,26.7
82.6,43.7,292.6,27.0,90.0,188.1,6.21,53.9
87.3,38.4,250.7,32.2,72.8,118.9,6.42,39.7
93.2,30.9,259.3,27.8,64.8,80.7,6.29,28.8
99.0,43.4,239.8,25.2,57.6,88.2,6.04,28.9
91.8,38.3,241.1,31.5,72.3,95.6,6.69,31.3
86.7,42.6,281.0,26.8,69.6,129.1,6.32,45.7
100.4,40.1,264.3,34.4,77.0,133.5,6.91,40.9
89.9,34.3,235.8,34.5,68.2,84.2,5.81,25.9
85.0,37.3,267.7,34.1,78.6,108.9,6.13,31.4
86.4,39.0,287.2,28.7,84.7,206.4,6.31,55.0
80.7,49.8,280.4,25.2,72.5,187.7,6.64,51.8
90.7,35.2,252.1,34.3,76.8,129.6,6.42,35.5
86.8,36.6,268.0,29.3,81.3,111.7,6.39,38.6
91.3,37.4,234.5,34.7,79.3,115.4,5.96,34.8
99.8,43.0,233.1,34.6,78.6,137.6,5.95,36.4
101.8,36.1,222.9,33.5,60.3,64.0,6.4,24.4
99.7,33.6,222.2,27.9,73.7,98.4,5.89,29.3
92.3,39.1,218.1,28.9,52.1,34.9,6.14,21.2
85.0,41.8,261.9,33.5,78.0,128.0,6.45,38.4
75.0,42.0,254.5,28.2,80.4,139.1,6.01,41.7
87.9,41.2,238.0,26.7,73.0,88.3,6.78,36.1
88.8,50.2,284.6,30.6,90.0,180.8,6.67,51.9
102.3,41.7,229.8,34.4,62.9,54.8,5.83,20.6
97.7,33.5,207.8,32.0,56.3,44.1,6.02,22.4
92.2,43.7,259.1,30.7,73.9,120.1,5.8,35.4
81.6,43.6,287.8,26.0,72.6,157.1,6.07,49.8
84.6,44.7,295.2,31.2,83.7,185.8,6.53,52.8
99.6,32.0,249.1,34.9,65.8,89.4,6.18,28.4
77.6,41.6,299.1,26.4,79.1,158.5,6.44,48.5
92.9,36.8,250.7,30.2,72.4,108.3,5.84,37.1
97.8,40.9,248.7,33.8,66.3,102.2,6.54,33.8
89.7,42.3,248.6,32.4,85.6,149.8,6.13,36.4
91.3,34.9,268.8,32.0,77.9,139.4,6.3,44.4
114.2,34.9,234.9,32.0,57.8,39.1,6.27,19.8
83.0,46.6,272.5,28.6,83.6,176.4,5.92,53.0
84.5,43.2,281.4,27.9,85.2,172.1,5.95,55.0
94.2,38.2,242.1,33.1,70.5,81.8,6.59,24.2
93.2,39.9,260.9,33.1,71.2,127.8,6.42,35.3
93.8,40.3,250.2,33.7,73.2,132.2,6.62,36.9
94.5,37.4,254.3,34.1,72.8,121.7,6.4,32.9
86.3,35.6,257.7,30.1,60.3,85.2,6.34,37.1
96.8,33.7,251.7,30.0,61.9,79.8,5.8,28.4
101.3,40.2,245.0,33.0,69.4,108.9,6.22,32.1
88.9,41.7,283.6,31.5,86.9,162.8,6.29,46.7
96.7,38.7,279.0,32.0,78.2,134.5,6.89,36.3
94.1,36.1,245.0,33.0,69.6,93.3,6.51,29.5
93.3,39.3,262.5,33.9,83.2,144.7,6.76,41.0
101.6,38.0,226.5,28.4,53.3,20.0,6.48,19.6
81.1,41.1,273.0,28.8,84.3,161.7,6.09,48.3
99.7,31.9,251.5,25.9,55.8,31.7,6.34,23.8
90.8,39.3,238.6,30.8,70.1,93.7,6.37,28.4
90.6,37.5,242.3,25.4,59.0,59.6,6.02,32.5
95.5,37.8,233.6,29.7,48.2,51.7,6.18,31.0
87.9,46.6,285.1,30.4,81.8,162.2,6.24,47.1
86.3,38.8,259.9,27.9,74.9,89.0,6.78,35.6
94.6,41.2,257.6,30.9,79.7,125.6,5.8,41.3
94.1,35.8,260.7,25.3,76.4,107.9,6.66,37.5
81.0,42.1,267.0,25.4,82.5,131.5,6.02,51.0
84.8,40.6,252.0,33.2,73.1,113.5,5.89,35.1
93.4,33.3,248.0,28.6,61.4,52.3,6.65,31.7
84.0,42.5,292.1,26.3,77.9,154.8,6.52,47.5
91.7,39.7,247.9,30.2,66.0,87.8,6.68,37.8
96.9,35.8,212.4,32.7,61.1,40.0,6.54,22.6
81.1,42.5,246.3,27.2,74.2,90.7,6.92,37.6
83.1,43.5,266.6,31.2,84.8,177.5,6.47,50.0
84.4,46.4,289.5,25.9,77.4,148.3,6.25,48.1
92.2,37.5,279.4,25.5,68.9,94.3,6.4,41.9
89.5,38.9,251.1,30.3,71.9,94.3,6.67,34.0
104.5,37.2,247.8,30.4,61.9,95.5,6.07,27.8
75.0,39.5,283.3,31.4,79.2,203.5,6.1,51.0
97.7,42.3,254.3,32.3,72.7,127.2,6.21,37.6
90.4,46.2,250.8,34.8,69.8,129.4,5.8,37.0
91.3,41.4,268.8,30.2,78.7,156.4,6.34,45.9
88.1,42.7,253.7,28.2,73.4,120.7,5.8,44.6
102.8,36.7,234.4,33.0,67.4,98.3,6.32,25.9
89.1,37.3,255.5,27.7,77.5,101.2,6.56,38.0
88.8,32.4,250.5,29.4,73.0,106.8,6.16,31.5
95.5,38.7,267.3,25.8,73.2,108.3,6.8,43.2
85.4,37.8,274.4,25.3,81.7,142.7,5.86,48.0
94.1,43.6,239.5,34.6,66.8,112.3,6.66,34.1
97.4,39.1,256.0,33.4,83.8,143.0,6.5,37.6
85.8,38.5,263.7,32.0,70.9,106.4,5.8,38.2
92.1,43.1,252.1,29.1,76.1,113.5,7.11,41.7
95.0,32.6,228.9,26.7,48.7,20.1,6.28,24.0
85.2,39.8,278.9,26.6,72.5,151.2,6.04,48.3
88.2,41.3,261.5,27.5,79.2,125.6,5.88,44.4
80.8,43.9,260.9,30.5,82.9,154.9,6.23,43.4
96.4,36.4,221.1,32.1,49.5,20.0,6.26,19.4
89.3,44.5,278.7,31.6,86.4,204.0,6.33,55.0
93.9,40.5,265.8,27.8,76.4,103.7,6.21,41.2
89.6,41.3,251.5,34.5,76.0,159.9,6.49,40.2
98.0,37.2,243.3,32.4,70.9,63.2,6.18,26.3
89.5,36.4,279.6,30.5,73.0,137.6,5.8,38.1
102.7,37.2,227.6,31.1,65.7,62.6,6.26,28.1
92.2,35.2,252.4,29.2,64.7,81.9,5.8,33.5
85.6,43.0,275.0,27.5,90.0,196.1,6.41,51.1
99.1,36.9,256.9,28.6,67.6,101.4,6.01,33.2
88.3,46.5,238.4,32.6,73.1,119.8,6.35,35.5
93.4,42.1,282.4,25.1,80.0,149.2,6.69,48.8
81.5,36.2,254.6,26.2,71.5,132.3,6.02,41.7
96.1,40.6,266.1,25.5,77.1,116.8,6.62,44.1
85.3,43.0,261.0,25.4,72.7,126.4,6.17,45.6
81.5,48.6,297.2,33.6,90.0,218.2,6.83,54.5
84.5,36.3,236.0,32.0,66.5,107.4,6.19,32.2
86.6,35.8,269.9,29.7,61.0,119.0,6.05,42.2
77.3,46.2,286.6,26.0,80.5,157.3,6.51,55.0
84.2,37.3,270.0,29.9,90.0,159.7,6.17,45.6
86.3,40.2,273.7,29.7,86.6,163.4,6.05,46.1
91.0,41.1,267.4,26.7,77.7,138.7,6.16,47.5
97.9,36.4,234.7,29.3,60.4,58.6,6.29,26.3
85.4,45.1,299.9,29.0,86.8,183.5,6.7,52.3
90.7,34.9,227.7,31.2,64.4,58.4,5.8,27.7
89.3,37.3,257.0,31.4,68.8,123.6,6.31,32.6
99.6,39.6,272.4,25.5,70.8,76.1,6.49,38.7
87.4,39.9,247.6,28.7,75.0,107.1,6.36,37.9
99.5,39.7,240.4,31.3,78.5,124.8,6.69,37.5
89.0,41.2,262.2,30.0,77.1,124.5,6.28,39.6
91.5,41.8,248.8,33.6,75.9,129.0,6.24,37.1
93.0,42.4,288.2,31.6,89.9,182.6,6.48,44.7
91.9,43.6,278.2,26.6,79.0,130.4,6.33,48.9
89.8,35.1,250.4,25.7,68.0,99.0,6.18,39.2
85.3,41.5,259.7,31.4,77.8,153.4,6.45,45.6
82.2,45.2,300.9,25.3,83.2,163.5,6.1,55.0
100.7,37.7,218.3,30.9,68.7,54.8,6.12,22.0
94.8,37.8,259.2,34.4,71.2,136.9,6.14,39.4
89.1,38.5,273.1,30.8,71.0,141.6,6.71,41.8
94.1,37.8,251.1,28.9,70.1,96.6,5.8,38.0
97.4,42.0,262.7,31.4,84.6,171.9,6.42,41.6
94.0,42.0,251.4,29.6,71.5,103.2,6.31,35.8
93.6,37.7,258.6,30.5,74.3,115.7,5.8,35.9
86.2,40.8,250.6,34.4,69.3,102.2,6.39,32.3
77.0,40.3,257.2,28.9,79.6,110.7,6.44,39.7
101.7,34.7,221.4,34.6,54.1,60.7,6.48,20.4
100.5,33.9,212.3,34.1,54.9,45.2,5.8,18.0
80.4,45.8,273.3,27.0,85.8,181.8,6.71,54.1
95.7,38.7,244.6,25.7,56.2,71.9,6.08,31.0
92.4,45.5,268.1,26.0,62.2,65.4,6.51,34.6
104.3,33.1,216.6,25.2,62.3,20.0,6.52,22.7
97.1,38.2,225.4,25.9,66.4,81.2,6.04,26.6
95.2,33.9,215.6,31.8,61.2,50.5,6.5,22.1
88.5,40.6,293.1,25.7,80.5,183.9,6.18,53.0
87.4,40.7,270.5,28.2,78.0,155.4,5.8,43.0
100.8,36.3,225.7,33.4,63.9,79.0,6.65,23.6
80.1,52.5,280.8,25.2,90.0,211.4,6.07,55.0
83.4,41.1,274.3,33.1,87.2,154.2,6.04,46.7
91.8,35.9,238.7,27.8,71.9,95.4,6.18,37.2
99.6,36.1,223.4,26.2,48.4,20.0,6.38,21.0
84.9,37.5,298.7,32.0,90.0,213.1,6.28,55.0
97.7,35.2,211.1,31.3,62.0,47.5,6.46,21.8
91.8,34.5,200.7,33.8,62.9,36.0,5.9,18.0
87.6,42.5,276.6,32.4,89.1,156.0,6.08,40.4
88.6,45.6,275.2,33.0,88.9,219.8,6.27,50.7
83.3,41.1,292.3,27.8,80.4,172.3,6.87,50.5
85.9,41.0,270.0,26.8,70.8,135.4,6.27,45.8
95.2,37.6,257.5,32.5,76.2,136.8,6.63,39.6
86.3,36.7,265.1,33.1,82.0,148.4,6.31,40.4
84.2,40.0,243.3,34.9,83.8,144.2,6.15,36.1
88.1,36.7,265.8,29.1,74.2,122.7,6.23,42.2
89.9,37.6,246.7,28.7,71.3,114.7,6.25,35.3
87.2,36.0,238.8,32.8,72.2,107.2,6.48,36.0
94.7,38.8,241.0,28.4,61.0,76.1,6.71,28.8
98.5,42.4,233.2,34.3,79.9,97.4,6.41,27.9
101.0,30.6,214.4,33.6,48.7,33.8,6.66,18.0
93.9,33.3,238.5,29.3,72.0,105.6,6.01,35.3
104.8,36.8,253.0,32.5,73.2,65.5,6.18,28.5
95.3,36.6,240.9,32.5,62.1,60.3,6.08,26.1
88.6,42.0,280.7,26.0,72.7,118.1,6.39,45.5
83.9,40.4,271.1,34.0,82.7,172.6,6.19,47.1
84.8,39.9,246.5,30.1,79.4,151.3,6.52,41.9
97.8,35.8,236.7,33.3,64.7,39.3,6.02,18.6
93.8,40.0,234.5,28.2,52.0,65.5,6.31,27.6
89.0,35.5,263.5,34.0,88.1,152.3,6.51,45.5
108.9,35.3,235.5,28.9,56.0,65.8,5.8,25.7
85.1,41.3,276.8,25.1,68.6,99.9,6.94,42.6
87.6,37.4,260.9,34.1,74.8,134.8,6.22,40.6
90.8,44.7,268.5,25.9,66.2,66.4,5.8,37.9
92.7,37.7,267.9,28.2,65.0,114.7,6.35,38.5
100.0,35.5,214.5,34.5,62.3,50.0,6.31,22.6
99.5,40.1,241.1,34.5,76.7,82.9,6.28,33.9
79.2,37.5,264.2,30.7,68.1,124.4,6.6,37.3
89.1,29.0,188.9,31.3,58.6,38.3,6.52,18.0
89.6,37.7,250.2,29.5,72.7,129.8,6.39,35.8
95.0,43.3,247.8,27.9,74.0,109.1,6.44,41.0
83.2,38.5,251.3,28.3,77.1,134.9,6.27,38.0
76.9,36.5,249.4,31.7,70.8,120.1,6.83,36.2
88.8,44.8,272.5,32.5,86.7,171.4,5.86,48.1
93.3,37.9,246.0,32.9,82.1,115.6,6.34,35.8
88.8,36.3,232.1,32.9,67.2,90.7,6.32,31.5
83.6,41.2,288.6,25.9,76.7,115.5,6.54,42.9
82.3,43.8,290.2,29.9,70.4,134.4,6.05,45.8
91.0,46.9,246.4,25.6,67.7,112.2,5.8,39.0
89.4,41.2,265.5,30.5,74.7,111.8,6.35,34.8
98.0,40.7,233.9,29.4,73.1,78.4,6.38,28.9
80.9,35.9,240.6,33.9,67.8,80.2,6.75,29.6
91.4,34.1,236.5,28.5,57.8,46.9,5.92,28.6
76.9,43.9,283.4,26.2,87.7,188.7,6.65,55.0
92.3,38.6,255.7,26.4,54.6,54.0,7.01,32.9
95.0,32.9,230.5,32.6,68.8,78.8,6.19,24.6
96.8,38.1,243.9,31.2,69.9,77.7,5.91,34.4
73.9,44.6,274.2,26.0,77.8,150.3,6.18,53.6
89.9,41.3,252.5,25.8,67.0,96.7,6.3,40.7
87.0,44.4,266.7,32.0,84.6,166.1,6.47,51.6
104.2,38.4,240.6,25.7,63.8,79.7,6.12,30.2
90.2,37.2,237.5,33.2,74.2,122.6,6.77,34.7
99.0,34.8,227.8,32.1,75.0,72.4,5.97,25.2
73.5,40.2,303.7,25.8,90.0,206.5,5.8,55.0
84.4,42.2,246.6,25.8,59.5,56.6,6.63,27.3
95.6,39.3,254.1,34.9,71.6,123.9,5.8,37.2
85.9,41.3,275.3,28.7,81.4,138.5,6.24,48.1
93.8,38.2,287.0,28.7,74.8,128.6,7.24,44.1
86.6,47.1,251.3,33.1,67.1,101.7,6.3,33.1
98.4,33.9,233.5,34.5,77.4,104.2,5.96,28.4
104.3,36.2,225.7,34.9,79.5,112.0,6.28,30.0
93.7,40.5,257.7,32.5,67.7,103.4,6.28,36.9
86.8,44.1,286.8,28.8,71.3,153.4,6.35,49.3
82.5,46.6,283.7,25.8,90.0,209.5,6.5,55.0
88.2,42.4,238.8,32.8,63.6,84.9,5.99,28.0
107.8,36.0,212.4,30.6,63.6,48.4,6.81,18.0
90.1,35.3,245.7,29.2,61.4,106.0,6.37,33.8
85.0,43.0,265.1,34.1,90.0,220.0,6.52,55.0
87.3,38.4,237.4,26.1,58.7,73.8,6.11,29.8
77.9,49.3,294.5,29.9,90.0,183.8,6.69,52.4
89.7,39.6,283.7,25.1,87.2,185.5,6.22,55.0
94.0,40.7,237.7,29.7,62.2,85.1,6.38,28.6
93.7,42.3,266.7,25.6,75.1,135.6,6.02,47.1
82.1,46.3,293.6,26.2,90.0,183.3,6.0,55.0
82.1,39.1,252.7,26.2,69.1,92.9,6.51,37.5
93.3,38.0,255.2,31.5,73.1,100.8,6.17,42.3
94.9,38.3,241.9,32.5,76.6,83.8,6.04,24.3
98.4,39.5,249.7,30.8,55.0,64.3,6.11,30.2
97.1,39.4,226.0,34.6,74.2,80.8,6.51,26.0
87.5,37.3,244.1,28.7,61.5,54.9,6.11,29.6
90.4,38.4,266.9,27.9,67.8,111.5,6.26,40.8
108.9,31.4,234.8,33.7,58.4,75.4,6.3,24.2
91.2,43.1,248.2,27.2,73.2,120.5,5.8,42.6
100.7,35.8,226.1,34.6,62.6,40.0,5.86,18.0
92.0,38.8,267.6,25.1,74.3,124.9,6.4,46.7
90.7,38.6,257.8,34.7,87.1,147.5,6.08,40.7
98.3,35.0,257.5,25.4,46.8,20.3,6.62,25.5
84.7,35.5,262.3,33.9,75.3,126.8,6.59,39.6
86.7,39.8,273.9,30.3,76.8,165.2,6.52,48.9
104.4,32.0,201.2,34.9,62.9,55.6,6.85,21.6
79.0,42.2,301.2,25.7,90.0,185.3,6.28,53.7
98.1,37.3,242.7,30.5,73.7,128.9,6.49,38.1
94.8,32.5,229.0,34.7,52.6,78.3,6.12,29.5
85.3,46.2,257.8,30.2,72.5,107.5,7.04,40.6
95.0,43.8,274.2,31.3,79.2,135.1,6.9,40.0
90.6,36.6,259.5,32.0,74.7,113.4,6.3,35.9
94.0,40.7,257.6,29.5,83.0,134.2,6.42,39.6
93.1,39.0,245.0,31.3,58.4,68.6,6.71,31.0
89.9,43.5,253.4,30.8,76.9,117.6,6.26,39.7
99.4,34.1,233.6,34.0,65.2,46.4,6.1,26.1
92.5,42.8,256.6,25.5,62.1,105.0,6.56,37.9
85.1,35.8,249.5,27.8,65.5,69.3,6.32,29.9
91.1,32.6,242.8,34.5,62.9,76.9,6.35,26.6
91.6,43.7,277.3,33.9,82.7,165.6,6.05,46.2
86.0,45.5,269.6,29.6,83.6,159.1,5.8,46.6
88.1,47.4,264.7,31.2,75.0,137.4,6.37,38.7
87.2,34.4,243.2,27.8,58.8,60.8,6.57,32.0
84.9,42.0,248.0,26.9,69.3,95.8,6.23,39.4
77.1,40.2,267.0,29.6,77.5,164.6,6.73,45.5
87.6,43.3,268.5,28.5,67.8,116.4,6.09,43.8
79.5,39.3,299.1,30.8,90.0,214.4,5.98,55.0
82.6,37.5,268.5,25.8,69.8,127.7,6.28,45.2
92.5,36.2,236.4,34.7,77.1,118.6,6.28,34.2
96.3,38.0,242.6,34.9,71.5,96.1,6.53,31.0
103.6,36.5,248.4,32.0,64.6,116.0,6.07,33.6
84.8,40.8,252.6,30.4,67.2,103.1,6.71,35.4
96.4,42.8,266.8,28.1,84.3,141.9,6.89,38.8
92.3,43.1,280.4,33.1,75.7,153.1,6.29,45.1
94.4,40.7,220.8,31.8,62.6,74.6,6.67,23.4
94.6,39.5,239.6,26.6,62.3,50.1,5.98,32.9
98.7,30.8,205.6,34.1,59.4,27.4,6.62,18.0
92.1,43.5,262.4,33.2,75.3,132.9,6.61,37.7
107.2,33.4,235.9,34.5,59.1,60.3,6.56,20.7
104.0,37.2,212.8,32.3,61.1,20.0,6.3,18.0
90.7,45.6,264.8,31.1,84.2,127.5,5.8,43.6
81.7,44.5,299.4,29.2,90.0,220.0,6.11,52.4
84.4,34.6,258.0,34.3,72.4,109.7,6.11,36.4
88.0,37.7,268.2,33.7,75.5,147.7,6.01,41.9
96.7,43.6,245.4,25.5,68.6,113.7,6.34,38.7
83.6,38.9,262.0,25.3,73.7,105.5,6.17,37.6
79.0,43.1,273.8,28.8,82.4,151.4,6.05,51.5
96.4,39.4,225.6,33.1,76.4,96.9,5.98,28.4
89.5,39.9,238.7,34.9,77.7,122.0,6.09,31.1
82.6,42.5,267.7,26.5,67.4,124.5,6.64,46.8
92.4,37.1,239.9,30.9,71.2,79.9,6.1,31.1
81.0,40.1,254.2,28.8,75.9,154.6,6.15,44.3
89.4,40.4,252.3,34.7,68.5,102.1,6.16,31.4
101.7,37.6,238.7,33.4,66.4,76.0,6.4,23.7
82.6,39.7,244.0,33.4,86.8,134.1,6.44,41.7
85.8,41.3,254.6,29.7,79.5,69.6,5.8,32.4
87.0,39.5,251.3,29.1,75.3,111.3,6.61,39.7
93.5,37.5,269.1,27.7,71.0,109.6,6.73,40.3
81.5,41.5,289.3,25.6,84.4,158.9,5.98,55.0
88.9,36.5,255.5,33.6,80.7,131.4,6.01,37.6
95.2,36.7,238.3,33.1,70.2,108.9,6.16,30.1
80.9,43.9,273.5,35.0,88.3,146.8,6.07,40.7
87.1,40.3,269.2,35.0,85.7,172.6,6.37,50.8
92.7,40.2,262.9,30.6,79.5,135.1,5.8,38.4
91.3,36.4,257.7,32.7,75.4,110.5,5.96,33.3
104.0,34.7,231.2,34.4,62.3,51.0,6.76,22.0
92.5,31.4,250.8,33.5,66.6,62.1,6.02,23.8
98.7,37.8,242.4,27.5,66.2,96.3,6.67,33.8
93.1,38.3,260.3,29.5,63.7,82.6,6.41,35.4
85.3,43.1,270.9,26.3,64.8,101.6,5.8,46.0
93.1,39.1,259.4,34.5,74.7,112.5,6.49,33.6
90.5,35.9,255.9,31.1,80.7,133.8,6.26,38.0
98.9,41.9,245.0,27.3,73.7,106.8,6.16,34.4
84.4,40.7,273.9,31.7,84.8,131.9,6.37,40.4
86.3,40.5,254.5,31.2,72.6,112.9,6.44,39.7
104.1,35.5,210.0,28.6,57.6,21.1,6.51,22.1
90.8,36.5,239.6,26.1,58.1,67.7,6.65,32.4
98.4,38.7,250.6,31.7,68.8,103.5,6.42,32.2
107.2,37.1,239.2,30.2,64.6,55.6,5.89,22.6
86.9,35.3,265.5,32.7,81.6,137.0,6.16,42.2
86.7,41.7,299.8,30.2,84.3,178.9,7.18,53.3
84.3,39.2,246.0,33.5,82.6,164.8,6.52,39.8
94.1,40.6,254.2,30.5,62.5,100.4,7.01,39.3
85.2,46.5,280.2,30.6,83.6,177.1,6.72,51.5
93.0,37.4,256.4,33.8,77.8,116.7,6.37,38.8
91.3,36.2,242.7,29.0,71.8,94.8,6.39,30.9
86.2,36.2,249.0,26.3,69.0,82.4,6.29,31.0
93.2,37.2,252.6,25.3,69.5,96.4,5.8,38.5
83.5,37.1,246.3,32.6,68.5,92.5,6.31,32.5
87.1,43.0,265.0,31.2,70.2,117.7,6.66,42.7
95.4,36.5,247.8,32.0,76.9,117.2,6.12,38.5
91.4,41.1,257.2,27.1,74.1,110.1,6.42,39.2
99.0,35.3,261.5,26.4,78.4,129.7,6.56,41.5
87.6,42.1,288.3,25.1,80.1,163.6,6.03,55.0
84.7,40.0,268.6,28.5,69.8,152.7,6.16,44.1
96.3,41.9,236.0,30.9,64.1,43.2,5.99,27.6
100.2,34.0,214.1,28.9,51.6,20.0,6.05,19.2
76.7,36.1,294.3,29.4,76.1,152.0,5.91,50.8
94.0,29.7,213.7,34.0,63.2,48.5,6.03,22.7
89.2,39.1,245.0,28.5,68.0,99.9,6.73,36.1
87.4,38.0,257.3,30.1,66.8,57.3,6.03,24.8
101.2,35.6,205.6,32.8,58.9,28.9,6.34,18.0
86.7,41.6,254.8,29.0,80.3,134.4,6.15,44.2
80.2,44.2,273.0,31.2,72.0,144.2,6.65,42.8
98.8,35.0,212.0,33.6,72.9,84.1,6.69,26.4
104.6,37.2,213.6,34.5,55.3,20.0,6.56,18.0
93.2,34.1,273.2,26.5,65.2,85.4,6.39,35.8
93.4,34.8,224.3,34.3,76.2,127.6,6.23,29.9
100.4,30.9,210.5,29.9,49.8,43.4,5.94,25.1
94.3,38.7,241.3,27.6,75.7,118.3,6.88,38.1
94.6,38.3,256.6,29.6,66.7,109.3,6.07,33.8
89.7,38.4,256.0,34.8,70.5,136.1,6.5,32.4
95.0,38.4,240.4,29.9,65.5,115.4,6.62,32.8
103.0,33.7,238.6,28.3,68.8,66.2,6.13,25.9
84.9,40.5,282.5,31.3,79.6,163.8,6.61,44.3
98.5,36.5,285.9,27.4,78.2,102.9,6.53,44.0
87.7,43.9,256.4,25.8,69.1,108.8,6.82,39.4
93.7,37.3,222.7,26.3,55.1,68.0,6.16,32.8
87.7,38.0,247.7,26.3,62.4,90.1,5.91,37.9
94.7,43.0,241.6,26.5,70.2,70.2,6.15,32.9
81.9,36.0,255.1,26.4,69.7,102.2,6.36,38.8
83.6,38.5,272.9,31.4,84.7,187.0,6.32,47.4
88.4,34.8,255.6,26.8,60.5,48.3,6.18,32.2
96.0,37.2,251.6,28.5,60.0,37.4,5.8,29.4
94.4,41.6,260.7,34.0,90.0,176.2,6.44,41.2
97.1,40.3,255.6,29.7,77.4,100.6,6.89,32.3
83.9,44.8,240.5,31.7,64.2,79.9,6.44,28.5
96.8,34.9,274.1,26.7,74.7,156.8,6.48,46.7
93.4,40.9,261.4,26.9,64.5,82.7,6.47,36.1
78.6,42.1,290.7,25.4,89.7,192.2,6.42,55.0
84.3,41.5,306.4,26.7,73.3,140.5,6.58,52.9
91.7,37.7,242.4,27.8,62.8,88.0,6.42,38.4
79.2,41.0,284.8,26.8,90.0,207.1,6.21,55.0
91.6,44.7,256.2,25.9,66.3,82.7,6.06,38.7
81.6,45.2,286.0,26.2,78.8,143.4,6.23,50.8
88.8,39.7,269.5,29.6,70.9,123.5,6.39,38.4
82.0,46.4,278.2,27.1,82.6,168.6,6.21,49.2
76.5,38.6,271.1,28.6,81.4,180.3,6.39,52.6
90.8,36.0,268.1,30.0,76.7,111.4,6.43,39.8
98.6,30.6,245.0,31.9,70.4,76.1,6.55,28.7
92.1,38.2,242.6,25.4,66.9,130.7,6.68,41.0
101.4,36.9,231.0,33.0,61.3,79.5,6.32,25.5
84.8,43.7,271.3,31.3,82.6,200.6,5.91,53.6
86.2,41.0,257.7,25.8,70.0,116.1,6.2,42.2
96.3,34.7,242.8,33.7,68.3,93.6,6.31,35.9
88.1,40.0,248.7,34.2,66.4,118.3,5.8,30.3
90.1,38.4,242.7,25.6,55.3,49.4,6.72,30.8
87.7,40.9,237.1,27.8,58.2,66.3,6.34,35.0
89.6,37.2,291.9,33.1,83.8,164.0,6.41,51.6
101.0,37.8,220.4,32.5,66.4,80.4,6.71,27.4
96.3,34.5,247.7,26.8,59.0,62.9,6.11,32.2
92.1,40.4,264.8,27.1,77.7,134.1,6.47,46.4
80.8,44.0,275.4,28.7,79.9,163.4,6.27,49.6
90.1,41.1,271.7,29.8,77.1,142.4,6.24,43.3
86.3,39.0,277.4,31.2,89.3,154.8,6.07,46.1
102.3,36.0,241.2,28.7,71.9,75.9,6.8,23.9
96.1,32.1,232.4,29.6,52.7,46.0,6.19,26.6
83.9,45.6,279.9,32.5,89.7,177.6,6.51,48.4
93.7,38.9,251.7,25.4,73.2,95.5,5.8,38.1
92.7,44.2,268.5,27.5,64.0,98.7,6.65,43.4
84.3,39.6,274.0,32.1,88.0,169.8,6.62,44.8
91.3,37.6,252.7,34.0,84.7,135.0,6.33,36.8
81.2,39.4,255.9,30.1,70.5,130.5,6.23,47.0
70.7,46.0,290.7,30.3,86.9,207.4,6.42,53.7
94.3,36.2,250.6,26.1,71.3,81.0,6.99,33.5
90.3,43.3,264.1,29.5,81.7,151.8,5.8,45.4
91.5,38.8,246.6,30.3,75.3,112.6,6.53,39.7
78.9,34.7,280.0,27.4,76.1,122.1,6.03,42.6
83.7,40.6,283.3,27.7,87.7,178.8,6.29,49.2
78.3,36.8,260.1,28.8,69.9,132.9,6.23,41.2
94.4,41.3,258.3,25.2,82.1,134.2,6.17,44.8
80.5,38.5,268.2,28.2,87.5,158.3,6.3,48.2
97.3,42.2,268.8,27.1,67.6,93.6,5.96,37.9
98.5,37.8,246.2,28.3,64.2,72.2,6.61,32.4
92.5,36.0,226.6,26.2,54.9,63.0,5.8,26.1
95.0,36.6,222.3,33.9,56.9,21.5,6.46,18.6
84.3,46.6,281.9,30.9,90.0,202.5,6.2,55.0
91.1,37.3,253.9,31.8,61.8,60.4,5.95,29.4
93.8,36.0,260.4,32.9,75.6,100.0,6.36,33.4
88.7,34.1,251.0,30.0,67.8,97.5,5.83,37.8
78.4,39.3,264.3,25.9,77.6,123.8,6.31,45.3
74.8,40.2,249.8,30.4,74.2,146.7,5.87,48.0
88.4,41.7,256.1,30.9,79.6,148.7,6.44,45.4
92.7,36.2,224.6,32.5,65.9,83.8,6.02,29.0
85.7,42.8,267.3,29.3,71.6,102.5,6.16,43.0
90.5,39.6,268.6,26.3,72.7,122.7,6.39,45.9
96.5,39.5,243.8,27.8,69.1,98.8,6.07,38.6
84.1,45.8,275.2,28.6,90.0,182.3,6.28,49.0
90.2,40.0,257.2,31.5,74.2,132.1,5.85,36.1
90.6,40.8,272.8,30.7,70.6,143.1,6.49,43.8
80.8,39.4,250.7,28.6,86.7,139.8,6.83,44.8
90.7,38.3,260.4,34.9,89.5,162.8,7.14,40.9
93.8,36.9,242.2,31.1,67.2,118.1,6.33,38.0
97.0,36.6,254.5,27.4,63.8,51.6,6.54,32.7
77.0,43.9,281.2,26.0,73.1,128.0,5.8,46.7
90.6,37.1,233.4,26.5,67.5,80.7,6.75,31.2
88.4,34.6,241.2,27.5,68.7,86.2,6.53,34.4
88.9,46.1,261.9,26.6,76.1,136.4,6.15,43.3
87.3,43.5,257.7,26.9,79.2,165.7,6.67,50.1
98.4,35.3,259.6,27.9,68.7,111.0,6.22,38.1
86.7,39.1,260.5,26.7,70.2,123.9,6.16,41.6
85.2,41.5,278.9,34.0,83.2,186.6,6.44,44.6
94.3,45.9,255.0,25.8,73.8,120.8,5.98,43.0
84.0,40.4,283.8,30.2,90.0,220.0,6.61,55.0
99.2,41.5,233.3,29.1,80.5,135.4,5.98,34.2
100.2,39.8,214.9,34.8,63.6,30.8,5.98,22.5
78.8,40.8,270.0,26.1,75.9,143.9,6.03,50.9
83.2,39.2,270.6,29.0,76.6,127.2,6.53,40.3
80.3,37.9,261.0,34.7,86.1,168.0,6.11,44.0
95.4,38.4,253.0,33.7,80.4,140.3,5.9,35.9
97.1,39.3,251.5,33.2,71.1,103.8,6.12,37.7
102.2,40.5,235.5,27.6,64.7,54.9,6.29,34.1
94.8,43.0,256.1,26.7,72.5,100.6,5.95,38.9
100.4,35.4,247.4,31.7,58.2,71.7,5.95,30.7
93.1,31.1,223.9,34.3,71.1,83.9,6.93,28.0
85.4,39.4,263.5,30.6,81.7,136.5,6.04,37.7
89.2,43.4,271.7,30.7,83.2,185.1,6.2,50.1
90.5,41.5,261.5,27.8,75.7,127.8,6.19,43.1
99.4,34.6,229.7,32.7,64.7,56.2,6.17,22.2
90.2,41.2,260.3,26.9,75.0,130.0,6.49,43.5
87.0,46.9,278.9,28.2,88.1,163.8,6.58,49.3
100.4,39.1,240.9,29.3,78.3,82.6,6.21,32.0
98.5,37.8,253.0,30.1,66.9,104.0,5.93,35.9
94.5,37.6,229.2,27.4,65.2,110.7,6.68,36.5
98.4,37.4,225.0,26.1,66.5,74.7,6.27,31.6
93.6,44.4,261.9,31.1,81.4,139.2,6.82,37.9
87.2,39.7,272.3,27.9,69.8,104.6,5.8,41.0
97.0,38.4,238.2,30.8,83.0,128.9,6.36,33.6
85.1,37.5,249.4,26.5,57.3,70.1,6.88,35.9
96.6,42.6,257.8,29.8,71.5,90.3,6.19,37.4
82.9,46.4,271.5,30.3,75.5,142.5,6.23,42.3
96.3,38.9,220.4,25.5,77.2,93.2,6.39,30.3
79.2,43.5,277.3,28.4,90.0,187.7,6.13,53.1
94.3,39.3,250.4,26.3,64.6,92.0,6.21,36.9
89.7,32.9,267.7,25.6,71.3,120.1,6.2,40.4
82.6,42.0,282.9,34.9,84.7,152.0,6.11,38.9
96.8,38.1,238.9,28.2,57.3,46.2,6.67,30.6
97.1,36.3,206.0,33.1,55.9,30.8,6.44,20.0
102.9,33.6,229.9,27.5,58.4,41.3,6.38,22.9
89.1,39.3,276.7,31.8,73.8,166.8,6.54,41.8
97.8,35.9,238.0,32.6,67.0,85.2,6.22,28.4
77.7,46.8,280.9,31.0,90.0,220.0,6.07,55.0
90.2,37.3,257.0,29.7,64.5,84.6,6.12,33.7
88.7,45.7,262.5,29.1,80.9,118.3,6.3,37.9
87.3,44.8,277.6,28.5,79.6,179.4,5.98,53.9
90.9,39.9,293.8,34.3,90.0,200.3,6.15,55.0
78.6,43.3,299.4,33.3,89.2,202.8,6.15,54.7
93.8,38.8,278.0,34.7,81.5,164.4,6.94,43.1
74.4,35.8,278.2,26.2,85.2,156.1,5.8,49.4
84.6,44.5,254.3,32.3,79.0,136.7,6.25,39.0
83.6,42.9,278.6,34.4,81.9,145.0,6.82,43.2
86.6,39.9,234.6,26.8,71.9,85.2,6.34,33.3
85.0,39.0,252.6,25.7,63.0,73.2,6.53,34.1
94.7,34.5,235.7,32.4,68.9,109.8,6.33,34.7
92.3,36.9,257.1,30.7,65.0,102.3,6.1,33.2
99.2,38.9,228.2,33.4,63.8,89.6,5.8,25.4
89.5,38.8,288.4,26.4,90.0,141.3,6.36,47.8
90.1,33.0,269.8,33.0,86.8,153.0,6.07,42.5
92.1,39.9,252.3,27.0,66.0,114.0,6.06,42.3
83.6,42.6,298.4,26.6,78.7,176.5,6.15,52.1
87.2,38.8,263.0,26.6,64.1,58.6,6.82,33.7
100.5,39.6,247.8,33.1,73.0,101.3,7.02,29.5
90.0,40.4,240.4,31.7,68.3,77.7,6.37,34.0
96.3,35.3,212.9,30.2,53.9,26.0,6.16,18.0
89.6,43.3,259.4,28.6,70.6,106.3,5.95,39.0
88.7,33.8,240.1,33.8,72.5,104.5,6.44,33.6
83.3,43.8,295.5,28.9,86.1,178.1,6.83,49.3
91.3,42.1,263.0,33.2,66.6,138.4,6.23,40.8
95.6,34.3,217.4,29.4,61.6,63.9,5.8,32.2
81.4,37.6,279.9,28.8,84.4,193.4,6.5,48.3
82.6,40.2,276.3,29.6,83.9,164.9,6.6,49.9
97.0,37.2,252.7,28.0,90.0,136.2,5.82,36.7
97.7,39.7,235.5,32.5,71.8,99.8,6.35,29.6
103.8,36.5,254.5,30.0,61.8,66.8,6.44,33.2
98.6,36.1,260.4,27.3,73.3,93.3,6.28,34.6
96.1,38.0,261.4,34.0,84.2,159.0,6.06,39.3
75.8,47.0,285.7,28.8,90.0,194.8,6.6,54.5
86.3,43.8,289.6,30.4,88.9,179.4,6.18,55.0
98.2,35.2,226.3,34.1,77.9,88.0,5.85,23.0
96.0,35.3,217.0,31.2,56.3,59.6,5.8,22.5
87.5,45.5,279.0,26.2,75.6,116.3,6.68,46.6
103.6,33.3,229.1,34.4,51.5,30.4,6.48,22.3
93.3,43.5,272.0,31.3,77.7,124.5,6.33,38.3
88.8,39.0,259.8,28.3,66.1,103.4,6.17,33.6
92.4,40.2,258.5,26.4,65.7,89.0,6.14,42.7
94.6,43.6,237.2,32.9,56.2,38.2,5.98,24.5
89.9,37.4,255.4,31.2,81.5,133.1,6.17,42.5
93.8,36.3,245.8,30.3,71.8,86.0,5.8,29.4
97.7,31.9,219.6,33.9,55.2,57.4,6.08,22.4
104.8,37.4,205.8,32.9,54.3,20.0,6.21,18.0
84.2,45.4,265.3,26.5,68.2,108.8,6.48,41.2
92.2,48.8,263.3,28.1,81.7,189.8,6.29,55.0
73.4,47.4,272.5,27.5,85.9,184.8,6.54,55.0
93.4,36.2,232.7,32.4,66.3,89.4,6.7,27.2
91.7,39.0,261.6,25.3,78.7,82.9,6.62,40.4
92.2,35.4,259.2,30.7,78.4,131.1,6.44,41.5
95.8,43.0,219.1,32.6,56.1,65.1,6.3,27.5
89.5,41.5,252.5,33.8,71.9,123.6,6.01,40.3
91.0,39.1,268.2,28.4,84.0,144.5,6.52,42.1
86.5,45.2,275.3,33.2,90.0,165.2,6.8,44.7
97.8,36.7,256.6,26.1,63.2,105.5,6.4,38.4
100.7,38.0,245.6,33.5,60.8,100.8,6.88,27.0
97.4,37.9,251.7,26.3,73.5,70.5,5.84,33.9
86.1,41.4,248.8,29.0,66.5,72.8,5.95,38.1
96.4,36.4,230.1,33.0,65.6,99.8,6.56,26.5
86.6,36.6,253.4,26.5,78.0,126.5,6.38,43.7
80.0,42.7,278.6,27.3,67.0,151.1,6.69,49.9
97.8,40.1,247.0,32.2,64.8,73.9,6.3,27.9
83.4,41.9,282.6,32.2,87.1,177.2,6.04,47.9
98.7,39.6,252.5,31.4,74.2,97.8,6.24,29.3
86.9,35.8,248.1,31.9,66.7,109.0,5.84,35.6
104.8,36.8,248.6,30.4,65.7,76.4,5.96,27.6
96.5,32.6,214.1,27.5,49.4,20.0,6.59,18.0
86.1,44.8,294.9,28.5,81.2,149.8,6.56,50.1
89.1,42.5,279.2,26.8,74.2,143.2,6.41,49.7
91.9,39.7,248.1,34.1,67.4,97.3,5.8,30.5
95.5,42.6,269.7,30.8,67.6,113.0,6.19,37.5
80.9,43.5,269.8,29.0,79.9,133.2,5.93,45.9
105.3,36.8,230.2,29.6,62.2,39.7,6.65,24.0
94.8,34.6,253.8,34.5,66.1,86.2,6.12,30.5
83.7,41.7,272.1,26.5,79.3,145.7,5.97,46.7
94.1,35.6,224.4,30.9,53.5,53.6,6.31,28.8
93.8,39.1,282.5,30.1,73.1,123.2,6.11,40.5
94.9,34.9,223.8,31.1,59.5,49.0,6.75,24.3
85.1,37.6,266.0,25.2,89.3,131.0,6.08,42.2
92.0,32.6,259.2,33.7,66.1,108.4,5.88,33.8
95.1,32.5,209.9,34.3,64.8,37.3,5.8,18.0
96.6,41.8,259.8,30.7,87.5,162.4,6.29,44.9
94.2,32.4,234.5,32.0,66.8,76.9,6.13,26.0
103.0,35.6,206.6,34.2,73.5,73.5,5.87,22.3
89.5,46.5,263.3,32.1,75.7,119.0,6.66,43.1
77.7,46.8,292.1,26.5,84.3,161.7,6.5,54.8
93.5,43.1,243.0,30.8,62.6,64.3,6.29,32.9
97.5,39.4,230.2,31.1,78.7,112.8,6.71,32.8
88.1,44.0,279.6,29.2,81.3,129.3,6.5,41.8
97.5,37.1,255.0,32.4,75.1,141.2,6.05,37.0
99.0,36.1,258.6,34.3,67.0,117.9,5.99,32.2
101.3,28.5,230.8,34.3,67.7,93.5,6.55,26.7
90.8,42.0,238.7,29.5,60.6,72.8,6.42,33.8
84.4,44.7,263.6,26.1,72.5,113.9,6.35,40.5
94.1,34.8,229.3,34.8,68.5,61.8,6.05,25.7
102.0,33.7,204.2,33.4,51.7,20.0,6.48,18.0
86.9,40.6,297.9,26.2,75.7,129.6,6.07,51.6
80.9,40.3,246.8,34.2,80.4,150.7,6.27,36.5
100.4,38.1,199.8,33.7,58.2,20.0,6.73,19.1
95.2,32.6,255.6,30.2,51.7,64.6,6.1,31.2
89.2,40.9,252.4,30.9,74.5,137.9,5.83,38.7
89.0,42.9,283.9,29.0,90.0,202.6,5.98,55.0
90.8,41.0,247.6,25.5,78.2,110.9,6.6,42.6
100.8,39.2,260.2,28.4,63.0,77.2,6.38,31.4
94.0,36.9,226.8,33.0,61.0,101.8,6.26,29.9
88.6,42.7,284.9,25.0,87.5,171.9,6.15,52.2
98.7,39.1,267.1,28.3,63.0,80.9,6.45,39.0
101.1,40.6,245.9,29.0,58.9,74.0,6.05,30.8
87.2,39.9,248.7,30.4,64.5,88.3,6.39,34.6
97.8,36.1,206.7,34.2,62.5,67.1,6.08,21.8
89.6,35.5,246.5,28.5,70.1,115.5,6.03,37.3
84.9,42.6,291.9,28.5,75.6,183.1,6.11,55.0
96.7,41.1,239.1,32.4,79.4,124.5,6.19,33.5
88.8,38.6,250.0,29.5,76.1,98.6,6.29,34.0
91.7,41.3,261.3,27.2,72.6,96.9,6.37,37.2
88.0,41.2,237.1,29.5,52.2,39.7,5.8,23.7
93.2,45.1,263.7,26.4,78.9,149.7,6.06,48.0
87.1,40.5,283.4,26.8,71.3,106.5,6.18,40.7
91.5,37.8,262.6,30.0,73.4,101.9,6.75,37.5
81.0,36.1,290.0,29.2,90.0,220.0,5.98,55.0
99.4,37.6,256.1,34.1,71.0,123.4,6.35,32.6
80.4,36.7,265.2,28.6,65.6,76.2,6.75,30.8
91.9,40.2,237.5,30.8,70.4,90.8,5.91,35.9
85.1,41.7,275.1,31.3,89.6,161.7,6.42,48.7
88.3,38.7,233.8,25.1,76.5,115.1,6.06,38.8
106.9,30.5,228.9,31.6,63.0,45.3,6.15,23.5
84.3,37.8,268.8,26.8,80.7,151.4,6.06,42.6
100.6,38.1,232.6,34.6,73.0,79.9,6.08,26.5
84.3,48.9,283.5,26.5,90.0,194.3,7.12,55.0
93.9,40.9,249.0,29.1,77.4,158.6,6.55,44.7
89.4,39.6,253.0,25.9,75.0,89.9,6.63,34.6
83.4,44.3,286.3,35.0,87.0,167.6,6.45,45.9
99.0,35.8,240.0,30.0,70.4,113.1,5.82,33.0
91.2,41.6,268.0,31.0,77.3,148.4,6.42,41.8
78.5,39.6,259.3,25.7,77.8,131.8,6.62,47.5
94.8,38.8,234.5,32.5,66.7,71.9,6.04,25.0
95.2,38.8,242.9,27.1,67.2,81.0,6.59,33.4
91.9,42.0,261.4,34.0,82.8,156.3,6.51,44.5
87.5,37.2,248.8,27.1,77.5,94.9,6.86,38.2
76.8,41.4,250.6,26.9,73.7,91.8,6.17,37.3
96.6,44.3,247.9,25.4,64.4,67.0,5.97,32.0
82.8,37.5,251.3,29.7,80.5,129.1,6.19,42.2
72.6,42.6,285.1,30.6,85.4,202.8,6.73,54.5
79.3,39.0,245.8,25.7,64.4,62.0,5.8,33.1
97.6,40.6,235.0,32.8,81.3,111.1,5.8,33.0
85.8,40.7,297.2,29.5,83.6,173.5,6.33,49.6
92.3,29.8,237.6,30.2,67.0,106.4,6.17,33.1
96.2,44.5,256.4,29.4,72.8,130.4,6.3,41.6
100.2,38.8,222.2,29.0,57.0,62.2,6.58,26.0
99.6,34.0,271.8,30.6,71.9,129.3,6.13,36.9
83.3,38.1,264.6,26.6,68.5,101.6,5.8,39.5
85.0,47.1,270.0,26.8,73.8,154.4,6.91,49.7
78.7,45.9,283.9,33.6,82.8,163.4,6.0,46.4
82.2,46.1,288.5,34.5,90.0,220.0,5.98,53.2
86.4,40.6,272.0,28.7,72.7,136.1,6.63,44.7
91.2,41.2,264.3,27.7,82.5,124.7,6.18,43.9
90.9,39.3,249.8,31.4,76.3,118.7,6.28,38.6
97.0,41.4,247.9,29.1,74.0,94.1,6.44,32.3
90.9,38.7,265.0,25.3,71.8,125.2,6.63,45.2
101.3,37.3,275.9,26.6,73.6,96.7,6.2,38.9
90.2,42.1,240.1,32.2,68.1,117.6,6.76,36.4
84.8,40.1,277.4,31.6,88.3,169.3,5.8,41.0
94.7,42.4,245.2,25.3,63.8,64.7,6.53,33.2
78.5,41.7,293.0,27.2,85.0,161.3,6.05,55.0
92.2,42.5,289.3,27.3,78.0,169.3,6.71,50.5
92.6,35.2,237.8,31.7,66.5,104.7,6.34,32.0
94.7,36.3,238.5,25.2,57.0,20.0,6.1,24.9
89.4,34.7,225.8,26.0,61.8,82.6,6.5,36.4
89.0,40.9,271.3,33.0,86.0,168.4,6.57,49.3
91.1,34.8,243.2,26.8,65.0,109.0,6.49,36.2
92.5,39.3,224.8,31.5,67.2,65.0,5.99,28.7
99.9,41.4,251.5,27.4,61.3,87.3,6.15,36.8
81.6,36.8,280.1,26.0,82.3,147.8,6.3,48.1
87.4,45.4,278.0,27.4,80.0,134.6,6.29,45.5
95.4,46.4,253.8,32.2,66.4,99.2,6.52,35.7
85.5,38.3,238.9,33.6,71.6,93.5,5.8,32.8
99.0,34.8,237.2,33.3,69.8,92.4,6.4,26.7
88.6,46.5,245.6,29.0,61.0,68.5,6.21,32.2
89.3,38.5,288.7,31.7,81.5,182.7,6.05,49.7
86.6,39.4,262.3,27.0,59.3,95.5,6.08,37.3
88.3,43.1,280.8,27.9,84.7,164.8,6.24,50.2
92.4,45.6,263.6,34.0,77.9,178.5,5.8,46.3
87.1,44.7,282.3,25.1,81.5,154.9,6.09,54.4
92.8,37.8,248.5,25.9,66.8,90.6,6.04,37.0
88.7,37.2,257.2,27.1,79.0,128.2,6.46,40.2
86.9,39.1,263.4,25.3,70.3,108.9,6.06,40.3
101.1,35.1,252.3,26.8,62.2,69.3,6.24,32.6
85.1,40.8,265.0,30.8,78.6,124.6,6.76,42.8
90.3,35.6,238.1,29.2,63.1,56.9,6.6,29.0
92.7,35.8,263.9,33.9,84.3,163.4,6.57,41.2
87.5,43.0,249.0,33.2,70.2,89.1,6.15,37.1
84.7,38.8,253.1,28.4,66.1,119.1,6.46,41.2
79.9,37.6,254.0,27.6,78.3,122.7,6.23,45.8
89.9,38.3,243.9,28.8,72.7,98.3,6.24,35.4
88.1,40.9,270.7,30.9,72.2,136.4,6.42,43.0
92.4,34.2,248.1,27.7,66.5,88.6,6.12,37.6
91.1,42.8,272.1,31.2,79.6,149.2,6.75,47.3
98.2,34.1,242.6,29.1,59.2,49.4,6.25,29.0
88.9,45.2,265.7,30.5,74.8,115.7,6.49,40.2
81.9,45.1,277.5,29.4,90.0,197.3,6.74,54.1
98.4,35.9,246.6,27.9,68.4,65.0,6.61,28.3
102.7,34.6,246.1,34.5,59.3,79.5,5.88,27.4
89.7,40.1,252.3,32.6,79.7,133.1,6.43,41.8
86.9,42.2,254.9,26.4,80.3,118.1,6.56,41.5
85.2,39.8,271.2,33.7,77.1,125.8,6.57,39.7
79.8,40.8,270.3,29.9,81.9,132.0,5.97,45.9
95.3,39.2,229.8,33.9,87.8,138.6,6.1,36.0
92.2,38.6,249.0,33.0,87.1,159.9,6.6,41.5
92.4,39.2,259.5,29.3,76.9,128.4,6.07,41.0
89.1,33.9,249.4,25.2,75.1,99.1,6.21,40.5
95.1,43.9,263.5,27.7,78.8,140.3,6.77,43.8
80.1,44.6,290.3,30.4,89.2,195.5,6.29,55.0
96.9,36.6,266.1,31.3,69.0,104.0,6.08,35.7
94.4,43.4,238.6,27.6,71.0,66.1,6.04,30.8
83.8,41.8,283.3,26.4,77.9,159.8,6.4,46.3
98.7,34.0,251.5,33.3,78.6,104.6,5.9,28.6
103.0,37.1,230.3,34.8,56.5,20.0,6.23,18.0
92.8,40.7,258.8,30.3,72.6,148.1,6.4,38.0
91.2,40.8,237.4,26.7,69.0,85.9,6.69,38.5
90.8,38.2,260.6,27.7,60.7,105.9,6.5,38.0
94.7,45.0,299.6,25.2,78.1,124.9,6.09,54.5
95.2,39.6,262.2,34.1,78.1,118.6,6.65,41.5
90.3,43.3,290.8,26.2,75.4,141.9,6.21,46.7
94.6,32.3,252.6,30.8,68.7,90.4,5.93,32.0
91.6,40.4,279.4,27.7,86.4,133.1,6.25,46.9
93.0,45.0,269.3,30.5,67.1,98.3,6.73,39.2
91.5,37.0,257.8,31.5,73.4,143.2,6.35,37.2
91.5,36.7,222.8,33.3,84.9,137.7,6.3,33.9
94.8,36.1,234.3,27.1,73.4,67.9,6.79,29.7
67.4,39.7,298.8,25.1,81.8,158.9,5.87,53.4
92.4,32.7,246.5,26.4,72.2,85.9,5.91,37.3
85.8,40.2,264.7,34.0,86.0,146.4,5.82,43.5
101.5,38.6,235.5,33.7,71.6,126.5,6.41,33.0
87.3,41.2,289.1,31.0,86.1,192.7,6.35,45.6
85.8,38.7,269.9,31.0,76.1,99.9,6.76,36.6
94.9,37.6,230.6,31.7,77.3,94.3,6.37,29.7
87.8,41.6,249.5,26.8,74.6,109.1,6.18,34.0
97.1,37.1,234.3,34.1,64.9,96.4,6.3,30.6
87.8,40.1,280.9,29.2,89.1,146.0,6.34,47.4
103.2,35.0,231.6,28.8,54.8,37.3,5.8,23.3
93.1,38.2,240.0,30.2,60.8,62.6,7.11,26.0
94.4,42.1,246.2,25.5,64.1,61.9,6.46,31.4
79.3,40.1,304.9,26.7,88.3,152.8,6.36,47.8
90.5,41.8,261.7,32.4,90.0,187.0,6.48,46.0
93.6,40.5,239.1,25.8,73.1,105.3,6.51,38.1
94.5,36.0,248.1,31.0,72.8,102.4,6.26,36.0
89.4,40.3,246.6,27.5,72.8,113.2,6.11,41.1
87.5,37.9,263.2,28.9,85.2,162.3,6.48,49.1
104.1,31.6,225.5,27.9,51.0,68.3,6.42,27.8
88.6,41.1,250.9,28.6,72.7,120.7,6.06,40.0
92.2,38.1,244.6,32.2,82.0,153.9,6.73,37.1
82.5,41.6,273.3,28.0,70.8,132.5,6.39,44.1
84.5,40.5,259.6,30.7,75.6,118.5,6.52,42.3
89.6,37.5,261.9,29.8,80.0,155.0,6.72,41.8
106.5,34.4,224.9,31.6,62.8,20.0,6.31,18.0
88.9,36.2,251.8,34.4,86.0,140.5,6.4,39.7
92.5,42.3,242.4,32.3,63.8,80.6,6.54,32.5
97.0,31.4,227.7,27.1,54.8,27.6,6.08,22.0
85.2,40.5,249.0,25.3,76.2,133.0,6.32,44.2
88.6,38.3,247.8,27.6,82.1,171.8,6.34,45.8
85.0,40.5,253.7,31.0,71.7,103.8,6.01,35.1
88.9,42.8,294.9,25.5,76.8,152.9,7.0,55.0
80.5,41.5,305.4,30.0,80.9,182.6,5.88,52.4
89.7,44.5,277.2,31.0,86.9,169.2,5.91,47.8
76.5,43.7,297.0,28.3,89.9,183.8,6.69,54.4
92.9,41.8,259.9,32.7,74.7,143.4,6.51,40.9
93.8,36.8,261.3,26.1,77.2,113.4,5.99,39.2
97.3,33.1,255.3,25.8,54.4,37.9,6.48,29.3
88.4,38.6,225.1,32.3,71.1,98.9,6.74,33.2
96.5,36.4,243.2,30.0,68.5,72.1,6.29,29.5
78.2,44.8,304.8,31.9,90.0,207.7,7.08,51.7
88.7,39.8,262.8,29.3,72.7,102.1,5.8,40.0
93.8,41.3,281.8,27.5,70.5,115.5,6.51,42.6
95.4,34.4,247.9,33.2,76.0,134.8,6.65,37.1
91.4,45.0,254.5,33.0,71.4,112.0,6.57,37.4
80.7,41.7,278.0,31.9,83.5,186.3,6.24,48.8
97.6,39.9,220.5,27.7,65.5,82.0,6.21,31.3
92.3,36.4,239.5,30.9,66.0,118.8,6.43,35.6
85.2,37.5,221.8,28.6,62.9,76.6,6.54,26.4
98.6,33.7,249.5,25.9,58.7,50.6,6.48,30.6
99.0,36.8,232.4,34.2,65.2,82.5,6.61,21.8
97.7,38.1,256.5,26.4,70.5,108.3,5.99,36.6
93.3,35.7,233.1,34.5,67.8,90.7,6.23,22.4
78.6,39.9,240.5,29.5,68.2,78.8,6.02,31.0
